epoch,train_loss,learning_rate,selection_value,validation_accuracy,validation_balanced_accuracy,validation_auroc,validation_macro_dataset_auroc,validation_eer,validation_tpr_at_target_fpr,dfd_auroc,celebdfv3_auroc,embedding_variance_mean,stage1_saturated,stage2_saturated,stage3_saturated,stage3_output_std
1,2.9932502184435723,9.5e-05,0.5653999999999999,0.51,0.51,0.5653999999999999,0.5653999999999999,0.43000000000000005,0.07,0.5653999999999999,,0.8793468699738702,0.0,0.0,0.0,0.363956093788147
2,1.739099100753665,9.025e-05,0.6293,0.515,0.515,0.6293,0.6293,0.405,0.08,0.6293,,1.2020662584381907,0.0,0.009595667943358421,0.016980888321995735,0.7612242102622986
3,1.3129286784678698,8.573749999999999e-05,0.6223000000000001,0.535,0.5349999999999999,0.6223000000000001,0.6223000000000001,0.42000000000000004,0.12,0.6223000000000001,,1.0573070914444973,0.0,0.0,0.000355113617843017,0.6121485233306885
4,1.2516267584636807,8.145062499999998e-05,0.6319,0.505,0.505,0.6319,0.6319,0.37,0.06,0.6319,,1.08858868360688,0.0,0.0161936916410923,0.028239604085683823,0.8127897381782532
5,0.7203817793726921,7.737809374999998e-05,0.6727,0.575,0.575,0.6727,0.6727,0.405,0.21,0.6727,,1.2602681856226223,0.009530053474009037,0.027387302368879318,0.06318601220846176,1.0279141664505005
6,0.5760952070727945,7.350918906249998e-05,0.6593,0.52,0.52,0.6593,0.6593,0.38,0.09,0.6593,,1.0655044871390265,0.0,0.02253139764070511,0.054243605583906174,0.9516246914863586
7,0.3801845549792051,6.983372960937497e-05,0.6415000000000001,0.51,0.51,0.6415000000000001,0.6415000000000001,0.43000000000000005,0.07,0.6415000000000001,,1.0251200770806626,0.0,0.023154154419898987,0.04632618650794029,0.8909949064254761
8,0.4344460316374898,6.634204312890622e-05,0.6509,0.505,0.505,0.6509,0.6509,0.395,0.06,0.6509,,0.9951858302972725,0.0,0.019191335886716843,0.04618898406624794,0.8770351409912109
9,0.3981256318092346,6.30249409724609e-05,0.6764,0.58,0.58,0.6764,0.6764,0.365,0.21,0.6764,,1.424949617730528,0.010326361283659935,0.03732739016413689,0.0910705029964447,1.108375906944275
10,0.24823412965983152,5.987369392383786e-05,0.6338999999999999,0.545,0.5449999999999999,0.6338999999999999,0.6338999999999999,0.395,0.14,0.6338999999999999,,1.4946330507285301,0.01002651359885931,0.03255158290266991,0.06455804407596588,1.0172100067138672
11,0.2055684194713831,5.688000922764596e-05,0.6349,0.53,0.53,0.6349,0.6349,0.4,0.11,0.6349,,1.2354605412124409,0.010886604897677898,0.02930363267660141,0.049683623015880585,0.9491247534751892
12,0.2531786868721247,5.4036008766263664e-05,0.6197,0.505,0.505,0.6197,0.6197,0.395,0.06,0.6197,,1.3173259560053374,0.011451451107859612,0.042287420481443405,0.0869140625,1.1519709825515747
13,0.25549268033355477,5.133420832795048e-05,0.6271,0.525,0.525,0.6271,0.6271,0.42000000000000004,0.11,0.6271,,0.9680858919815298,0.010910277254879475,0.03606385365128517,0.09233761578798294,1.2000102996826172
14,0.2713992177695036,4.876749791155295e-05,0.6355999999999999,0.56,0.5599999999999999,0.6355999999999999,0.6355999999999999,0.42500000000000004,0.17,0.6355999999999999,,1.4797809710768202,0.009165763854980469,0.035923682153224945,0.0910220742225647,1.1201056241989136
15,0.22498026210814714,4.6329123015975305e-05,0.6164,0.505,0.505,0.6164,0.6164,0.43000000000000005,0.06,0.6164,,1.105107857096131,0.010814272798597813,0.03608988597989082,0.08705933392047882,1.0777512788772583
16,0.18698865868151188,4.4012666865176535e-05,0.5958000000000001,0.495,0.495,0.5958000000000001,0.5958000000000001,0.43500000000000005,0.04,0.5958000000000001,,1.3547872836338182,0.01125418208539486,0.04072151705622673,0.09931882470846176,1.1304816007614136
17,0.2114500007033348,4.181203352191771e-05,0.6065,0.525,0.525,0.6065,0.6065,0.43999999999999995,0.1,0.6065,,1.1673549534750802,0.011622417718172073,0.03553320840001106,0.07273372262716293,1.0056850910186768
18,0.20922114208340645,3.972143184582182e-05,0.6479999999999999,0.53,0.53,0.6479999999999999,0.6479999999999999,0.43500000000000005,0.11,0.6479999999999999,,1.2473438214925974,0.012298391200602055,0.0498085655272007,0.10650987178087234,1.211992621421814
19,0.2120381585881114,3.7735360253530726e-05,0.6308,0.53,0.53,0.6308,0.6308,0.42000000000000004,0.13,0.6308,,1.3567855464253604,0.012325352057814598,0.04871523752808571,0.10174005478620529,1.15713632106781
20,0.14636125668883324,3.584859224085419e-05,0.6211,0.505,0.505,0.6211,0.6211,0.41500000000000004,0.06,0.6211,,1.4853073409980384,0.012246443890035152,0.037988193333148956,0.07889171689748764,1.056570291519165
21,0.12184745155274868,3.405616262881148e-05,0.6178999999999999,0.515,0.515,0.6178999999999999,0.6178999999999999,0.44999999999999996,0.08,0.6178999999999999,,1.2112621163366801,0.012331927195191383,0.038030244410037994,0.08511427789926529,1.0841103792190552
22,0.10371968396008015,3.2353354497370904e-05,0.6218,0.505,0.505,0.6218,0.6218,0.42000000000000004,0.06,0.6218,,1.250901852097468,0.012552868574857712,0.04535114765167236,0.0998111367225647,1.1866053342819214
23,0.1239822917059064,3.0735686772502355e-05,0.6066,0.515,0.515,0.6066,0.6066,0.44999999999999996,0.08,0.6066,,1.597891214885982,0.012470015324652195,0.04300028830766678,0.09438758343458176,1.147483468055725
24,0.1387532276287675,2.9198902433877236e-05,0.6032000000000001,0.51,0.51,0.6032000000000001,0.6032000000000001,0.43999999999999995,0.07,0.6032000000000001,,1.5915329298436522,0.012685038149356842,0.05653674900531769,0.09977885335683823,1.206672191619873
25,0.1341033462435007,2.7738957312183373e-05,0.6223,0.505,0.505,0.6223,0.6223,0.42500000000000004,0.06,0.6223,,1.4100632726188127,0.012644927017390728,0.05584590882062912,0.09989184886217117,1.1864434480667114
26,0.10174731954932213,2.6352009446574204e-05,0.6209,0.515,0.515,0.6209,0.6209,0.42000000000000004,0.08,0.6209,,1.2785070347610337,0.012705422937870026,0.058084629476070404,0.10554138571023941,1.2372409105300903
27,0.10967637032270432,2.5034408974245492e-05,0.632,0.51,0.51,0.632,0.632,0.4,0.07,0.632,,1.205524905960789,0.01274553406983614,0.05847109854221344,0.10993994772434235,1.2388617992401123
28,0.10359710682183504,2.3782688525533216e-05,0.6122000000000001,0.5,0.5,0.6122000000000001,0.6122000000000001,0.43000000000000005,0.05,0.6122000000000001,,1.5318074257190852,0.012698189355432987,0.058617278933525085,0.10513784736394882,1.202807903289795
29,0.1010859702527523,2.2593554099256555e-05,0.6157999999999999,0.515,0.515,0.6157999999999999,0.6157999999999999,0.44999999999999996,0.08,0.6157999999999999,,1.1541449398779218,0.01273435540497303,0.05711745470762253,0.09761589020490646,1.1582553386688232
30,0.11505128752440213,2.1463876394293726e-05,0.6054999999999999,0.51,0.51,0.6054999999999999,0.6054999999999999,0.39,0.07,0.6054999999999999,,1.64431311821008,0.012693586759269238,0.056899189949035645,0.10164320468902588,1.1449114084243774
