run,epochs_completed,git_revision,final_train_loss,min_train_loss,last20_train_loss,best_val_metric,best_epoch,mean_val_metric,final_val_metric,datasets,data.frame_mode,data.face_crop,data.face_margin,data.crop_padding,data.decimate_step,data.clip_length,data.train_samples_per_dataset_per_epoch,data.align_landmarks,model.activation,model.norm,model.spatial_pool_type,model.spatial_output_size,model.feature_dim,model.hidden_dim,model.conv_channels,model.input_resize,model.center_crop,train.objective,train.optimizer,train.learning_rate,train.lr_gamma,train.kl_weight,train.epochs,train.early_stopping_patience,model.init_extractor,model.freeze_extractor
run_3d_bcnn_t8_k3_combined_pretrain_896_celeb,60,9a8c98d,0.471129,0.447531,0.471491,0.831858,26,0.802199,0.818999,CelebDFv3,letterbox,True,0.25,,,8,1000,,,,,,15488,512,"[16, 24, 32]",256,224,,,3e-05,0.95,0.001,60,8,,
run_3d_bcnn_t8_k3_combined_pretrain_896_dfd,60,9a8c98d,0.672993,0.664187,0.670675,0.589107,8,0.483115,0.480174,DFD,letterbox,True,0.25,,,8,1000,,,,,,15488,512,"[16, 24, 32]",256,224,,,3e-05,0.95,0.001,60,8,,
run_celeb_supervised_3d_t8_k3_N_celeb_gen_subset,17,9a8c98d,0.275585,0.247601,0.80125,0.662058,17,0.598606,0.662058,CelebDFv3,,True,0.25,,,8,100,,,,,,15488,512,"[16, 24, 32]",256,224,supervised,adam,0.0001,0.95,1e-06,30,8,,
run_celeb_supervised_3d_t8_k3_p1_lr1e4,17,9a8c98d,1.223937,1.223937,1.306834,0.661544,3,0.608068,0.612373,CelebDFv3+DFD,,True,0.75,replicate,,8,613,,relu,batch,avg,22,15488,512,"[16, 24, 32]",256,224,supervised,,0.0001,0.95,0.001,30,8,,
run_celeb_supervised_3d_t8_k3_p1_lr1e4_dfd,30,9a8c98d,0.955561,0.951018,1.036745,0.701103,14,0.655154,0.670389,CelebDFv3,,True,0.75,replicate,,8,613,,relu,batch,avg,22,15488,512,"[16, 24, 32]",256,224,supervised,,3e-05,0.95,0.001,30,8,,
run_celeb_supervised_3d_t8_k3_p1_pretrain,26,9a8c98d,0.590408,0.590408,0.636348,0.817288,22,0.768098,0.784619,CelebDFv3+DFD,letterbox,True,0.25,,,8,613,,relu,batch,avg,22,15488,512,"[16, 24, 32]",256,224,supervised,,3e-05,0.95,0.001,60,8,,
run_celeb_supervised_3d_t8_k3_v10_kl,60,9a8c98d,0.850637,0.850637,0.942876,0.747476,40,0.713668,0.719061,CelebDFv3,,True,0.25,,,8,613,,relu,batch,avg,22,15488,512,"[16, 24, 32]",256,224,supervised,adam,3e-05,0.95,2e-05,60,999,,
run_celeb_supervised_3d_t8_k3_v11_id20,60,9a8c98d,0.647182,0.647182,0.723863,0.75,54,0.705468,0.733977,CelebDFv3,,True,0.25,,,8,613,,relu,batch,avg,22,15488,512,"[16, 24, 32]",256,224,supervised,adam,3e-05,0.95,6e-06,60,999,,
run_celeb_supervised_3d_t8_k3_v12_nocrop,60,9a8c98d,0.609192,0.587971,0.621933,0.770344,4,0.721193,0.711093,CelebDFv3,,False,0.25,,,8,613,,relu,batch,avg,22,15488,512,"[16, 24, 32]",256,224,supervised,adam,3e-05,0.95,6e-06,60,999,,
run_celeb_supervised_3d_t8_k3_v15_resmatch,55,9a8c98d,0.656509,0.656509,0.757329,0.731333,12,0.690968,0.678512,CelebDFv3,,True,0.25,,,8,613,,relu,batch,avg,22,15488,512,"[16, 24, 32]",256,224,supervised,adam,3e-05,0.95,6e-06,60,999,,
run_celeb_supervised_3d_t8_k3_v1_full,5,9a8c98d,0.818471,0.8036,0.987558,0.760509,5,0.701521,0.760509,CelebDFv3,,True,0.25,,,8,613,,,,,,15488,512,"[16, 24, 32]",256,224,supervised,adam,0.0001,0.95,6e-06,50,8,,
run_celeb_supervised_3d_t8_k3_v2_full,6,9a8c98d,0.843847,0.806676,0.97078,0.752212,6,0.708933,0.752212,CelebDFv3,,True,0.25,,,8,613,,,,,,15488,512,"[16, 24, 32]",256,224,supervised,adam,0.0001,0.95,6e-06,50,8,,
run_celeb_supervised_3d_t8_k3_v3_full,22,9a8c98d,0.735491,0.735491,0.765338,0.754563,14,0.72105,0.748341,CelebDFv3,,True,0.25,,,8,613,,,,,,15488,512,"[16, 24, 32]",256,224,supervised,adam,0.0001,0.95,6e-06,50,8,,
run_celeb_supervised_3d_t8_k3_v4_relu,18,9a8c98d,1.007185,0.935132,1.163885,0.758988,10,0.700682,0.685979,CelebDFv3,,True,0.25,,,8,613,,relu,,,,15488,512,"[16, 24, 32]",256,224,supervised,adam,0.0001,0.95,6e-06,50,8,,
run_celeb_supervised_3d_t8_k3_v5_relu_lr3e5,12,9a8c98d,0.998836,0.998836,1.178592,0.743778,4,0.694656,0.682937,CelebDFv3,,True,0.25,,,8,613,,relu,,,,15488,512,"[16, 24, 32]",256,224,supervised,adam,3e-05,0.95,6e-06,50,8,,
run_celeb_supervised_3d_t8_k3_v6_bigval,40,9a8c98d,0.778672,0.778672,0.825416,0.74497,28,0.705113,0.724437,CelebDFv3,,True,0.25,,,8,613,,relu,,,,15488,512,"[16, 24, 32]",256,224,supervised,adam,3e-05,0.95,6e-06,40,15,,
run_celeb_supervised_3d_t8_k3_v7_wide,60,9a8c98d,0.73274,0.713043,0.775982,0.751002,60,0.687779,0.751002,CelebDFv3,,True,0.25,,,8,613,,relu,batch,max,4,2048,512,"[32, 64, 128]",256,224,supervised,adam,0.0003,0.95,0.0001,60,15,,
run_celeb_supervised_3d_t8_k3_v8_temporal,34,9a8c98d,0.819169,0.819169,0.930673,0.709157,33,0.662138,0.699184,CelebDFv3,,True,0.25,,,8,613,,relu,batch,max,4,2048,512,"[32, 64, 128]",256,224,supervised,adam,0.0003,0.95,0.0001,120,20,,
run_celeb_supervised_3d_t8_k3_v9_bn,60,9a8c98d,0.657578,0.657578,0.746258,0.778485,44,0.742085,0.752714,CelebDFv3,,True,0.25,,,8,613,,relu,batch,avg,22,15488,512,"[16, 24, 32]",256,224,supervised,adam,3e-05,0.95,6e-06,60,999,,
run_dfd_supervised_3d_t8_k3,2,9a8c98d,15.048478,15.048478,15.065813,0.515904,1,0.507407,0.498911,DFD,,True,0.25,,,8,613,,,,,,15488,512,"[16, 24, 32]",256,224,supervised,,0.0001,0.95,0.001,50,8,,
run_dfd_supervised_3d_t8_k3_A_baseline_overfit,150,9a8c98d,874.249463,874.221713,874.286048,0.72,1,0.6982,0.7,DFD,,True,0.25,,,8,10,,,,,,15488,512,"[16, 24, 32]",256,224,supervised,,0.0001,0.95,0.001,150,151,,
run_dfd_supervised_3d_t8_k3_B_all_overfit,150,9a8c98d,75.887978,75.871357,75.888602,0.71,95,0.6552,0.7,DFD,,True,0.25,,,8,10,,relu,,,7,1568,512,"[16, 24, 32]",256,224,supervised,adam,0.001,0.95,0.001,150,151,,
run_dfd_supervised_3d_t8_k3_D_adam_overfit,150,9a8c98d,739.411545,739.411545,739.491092,0.81,17,0.749333,0.75,DFD,,True,0.25,,,8,10,,,,,,15488,512,"[16, 24, 32]",256,224,supervised,adam,0.001,0.95,0.001,150,151,,
run_dfd_supervised_3d_t8_k3_F_kl_overfit,150,9a8c98d,0.08756,0.087521,0.08758,0.77,9,0.737467,0.74,DFD,,True,0.25,,,8,10,,,,,,15488,512,"[16, 24, 32]",256,224,supervised,adam,0.001,0.95,1e-07,150,151,,
run_dfd_supervised_3d_t8_k3_G_small_kl_overfit,150,9a8c98d,0.292881,0.29265,0.2928,0.73,4,0.613133,0.61,DFD,,True,0.25,,,8,10,,,,,4,512,512,"[16, 24, 32]",256,224,supervised,adam,0.001,0.95,1e-05,150,151,,
run_dfd_supervised_3d_t8_k3_H_nokl_overfit,150,9a8c98d,0.000941,0.000895,0.001039,0.78,8,0.723733,0.73,DFD,,True,0.25,,,8,10,,,,,,15488,512,"[16, 24, 32]",256,224,supervised,adam,0.001,0.95,1e-09,150,151,,
run_dfd_supervised_3d_t8_k3_I_scale100_overfit,30,9a8c98d,0.774651,0.774651,0.790077,0.6638,4,0.55945,0.40265,DFD,,True,0.25,,,8,100,,,,,,15488,512,"[16, 24, 32]",256,224,supervised,adam,0.001,0.95,1e-06,30,31,,
run_dfd_supervised_3d_t8_k3_J_lr1e4_overfit,30,9a8c98d,0.125759,0.118038,0.236533,0.7168,9,0.649953,0.6336,DFD,,True,0.25,,,8,100,,,,,,15488,512,"[16, 24, 32]",256,224,supervised,adam,0.0001,0.95,1e-06,30,31,,
run_dfd_supervised_3d_t8_k3_K_relu_lr1e4_overfit,30,9a8c98d,0.115051,0.101086,0.166512,0.6764,9,0.625923,0.6055,DFD,,True,0.25,,,8,100,,relu,,,,15488,512,"[16, 24, 32]",256,224,supervised,adam,0.0001,0.95,1e-06,30,31,,
run_dfd_supervised_3d_t8_k3_L_gen_sigmoid_subset,12,9a8c98d,0.4441,0.4441,1.019384,0.596514,4,0.502505,0.519826,DFD,,True,0.25,,,8,100,,,,,,15488,512,"[16, 24, 32]",256,224,supervised,adam,0.0001,0.95,1e-06,30,8,,
run_dfd_supervised_3d_t8_k3_M_gen_relu_subset,12,9a8c98d,0.324646,0.324646,1.01189,0.561656,4,0.516703,0.522004,DFD,,True,0.25,,,8,100,,relu,,,,15488,512,"[16, 24, 32]",256,224,supervised,adam,0.0001,0.95,1e-06,30,8,,
run_dfd_supervised_3d_t8_k3_v9arch,60,9a8c98d,0.919767,0.90273,0.937743,0.608279,4,0.515824,0.591285,DFD,,True,0.25,,,8,613,,relu,batch,avg,22,15488,512,"[16, 24, 32]",256,224,supervised,adam,3e-05,0.95,6e-06,60,999,,
run_stage_a_dfd_decimate_full60,60,9a8c98d,0.657941,0.657941,0.666523,0.603922,14,0.447691,0.424837,DFD,decimate,False,,,2,8,1000,,relu,batch,,,15488,512,"[16, 24, 32]",256,256,,,0.0001,0.95,0.001,60,12,,
run_stage_a_dfd_decimate_overfit4,40,9a8c98d,0.407382,0.407382,0.524127,0.68366,3,0.518039,0.554248,DFD,decimate,False,,,2,8,64,,relu,batch,,,15488,512,"[16, 24, 32]",256,256,,,0.0001,0.95,0.001,40,12,,
run_stage_a_dfd_decimate_overfit4_constlr,39,9a8c98d,0.563315,0.478757,0.660624,0.592157,21,0.471125,0.379085,DFD,decimate,False,,,2,8,64,,relu,batch,,,15488,512,"[16, 24, 32]",256,256,,,0.0001,1.0,0.001,80,12,,
run_stage_a_dfd_decimate_overfit4_max,40,9a8c98d,0.506323,0.382408,0.516101,0.627451,13,0.504967,0.520261,DFD,decimate,False,,,2,8,64,,relu,batch,max,,15488,512,"[16, 24, 32]",256,256,,,0.0001,0.95,0.001,40,12,,
run_stage_a_dfd_decimate_overfit4_s44,40,9a8c98d,0.88171,0.679983,0.957183,0.607843,1,0.444739,0.445752,DFD,decimate,False,,,2,8,64,,relu,batch,,44,61952,512,"[16, 24, 32]",256,256,,,0.0001,0.95,0.001,40,12,,
run_stage_a_dfd_decimate_overfit4_s44_constlr,39,9a8c98d,0.738953,0.738953,1.121939,0.60915,1,0.456511,0.35817,DFD,decimate,False,,,2,8,64,,relu,batch,,44,61952,512,"[16, 24, 32]",256,256,,,0.0001,1.0,0.001,80,12,,
run_stage_a_dfd_decimate_pretrain,33,9a8c98d,0.677318,0.675224,0.686146,0.615686,9,0.474589,0.453595,DFD,decimate,False,,,2,8,1000,,relu,batch,,,15488,512,"[16, 24, 32]",256,256,,,0.0001,0.95,0.001,60,12,,
run_stage_a_dfd_decimate_stageb_dfd,13,9a8c98d,18.420111,18.420111,18.465,0.701961,1,0.634691,0.666667,DFD,decimate,False,,,2,8,1000,,relu,batch,,,15488,512,"[16, 24, 32]",256,256,one_class_real,,0.0001,0.95,0.001,30,12,artifacts/run_stage_a_dfd_decimate_pretrain/checkpoints/best.pt,True
run_stage_a_dfd_decimate_stageb_smoke,1,9a8c98d,18.672382,18.672382,18.672382,0.701961,1,0.701961,0.701961,DFD,decimate,False,,,2,8,1000,,relu,batch,,,15488,512,"[16, 24, 32]",256,256,one_class_real,,0.0001,0.95,0.001,1,12,artifacts/run_stage_a_dfd_decimate_pretrain/checkpoints/best.pt,True
